Make,Model,Type,Origin,DriveTrain,MSRP,Invoice,EngineSize,Cylinders,Horsepower,MPG_City,MPG_Highway,Weight,Wheelbase,Length
Acura,MDX,SUV,Asia,All,36945,33337,3.5,6.0,265.0,17.0,23.0,4451.0,106.0,189.0
Acura,RSX Type S 2dr,Sedan,Asia,Front,23820,21761,2.0,4.0,200.0,24.0,31.0,2778.0,101.0,172.0
Acura,TSX 4dr,Sedan,Asia,Front,26990,24647,2.4,4.0,200.0,22.0,29.0,3230.0,105.0,183.0
Acura,TL 4dr,Sedan,Asia,Front,33195,30299,3.2,6.0,270.0,20.0,28.0,3575.0,108.0,186.0
Acura,3.5 RL 4dr,Sedan,Asia,Front,43755,39014,3.5,6.0,225.0,18.0,24.0,3880.0,115.0,197.0
Acura,3.5 RL w/Navigation 4dr,Sedan,Asia,Front,46100,41100,3.5,6.0,225.0,18.0,24.0,3893.0,115.0,197.0
Acura,NSX coupe 2dr manual S,Sports,Asia,Rear,89765,79978,3.2,6.0,290.0,17.0,24.0,3153.0,100.0,174.0
Audi,A4 1.8T 4dr,Sedan,Europe,Front,25940,23508,1.8,4.0,170.0,22.0,31.0,3252.0,104.0,179.0
Audi,A41.8T convertible 2dr,Sedan,Europe,Front,35940,32506,1.8,4.0,170.0,23.0,30.0,3638.0,105.0,180.0
Audi,A4 3.0 4dr,Sedan,Europe,Front,31840,28846,3.0,6.0,220.0,20.0,28.0,3462.0,104.0,179.0
Audi,A4 3.0 Quattro 4dr manual,Sedan,Europe,All,33430,30366,3.0,6.0,220.0,17.0,26.0,3583.0,104.0,179.0
Audi,A4 3.0 Quattro 4dr auto,Sedan,Europe,All,34480,31388,3.0,6.0,220.0,18.0,25.0,3627.0,104.0,179.0
Audi,A6 3.0 4dr,Sedan,Europe,Front,36640,33129,3.0,6.0,220.0,20.0,27.0,3561.0,109.0,192.0
Audi,A6 3.0 Quattro 4dr,Sedan,Europe,All,39640,35992,3.0,6.0,220.0,18.0,25.0,3880.0,109.0,192.0
Audi,A4 3.0 convertible 2dr,Sedan,Europe,Front,42490,38325,3.0,6.0,220.0,20.0,27.0,3814.0,105.0,180.0
Audi,A4 3.0 Quattro convertible 2dr,Sedan,Europe,All,44240,40075,3.0,6.0,220.0,18.0,25.0,4013.0,105.0,180.0
Audi,A6 2.7 Turbo Quattro 4dr,Sedan,Europe,All,42840,38840,2.7,6.0,250.0,18.0,25.0,3836.0,109.0,192.0
Audi,A6 4.2 Quattro 4dr,Sedan,Europe,All,49690,44936,4.2,8.0,300.0,17.0,24.0,4024.0,109.0,193.0
Audi,A8 L Quattro 4dr,Sedan,Europe,All,69190,64740,4.2,8.0,330.0,17.0,24.0,4399.0,121.0,204.0
Audi,S4 Quattro 4dr,Sedan,Europe,All,48040,43556,4.2,8.0,340.0,14.0,20.0,3825.0,104.0,179.0
Audi,RS 6 4dr,Sports,Europe,Front,84600,76417,4.2,8.0,450.0,15.0,22.0,4024.0,109.0,191.0
Audi,TT 1.8 convertible 2dr (coupe),Sports,Europe,Front,35940,32512,1.8,4.0,180.0,20.0,28.0,3131.0,95.0,159.0
Audi,TT 1.8 Quattro 2dr (convertible),Sports,Europe,All,37390,33891,1.8,4.0,225.0,20.0,28.0,2921.0,96.0,159.0
Audi,TT 3.2 coupe 2dr (convertible),Sports,Europe,All,40590,36739,3.2,6.0,250.0,21.0,29.0,3351.0,96.0,159.0
Audi,A6 3.0 Avant Quattro,Wagon,Europe,All,40840,37060,3.0,6.0,220.0,18.0,25.0,4035.0,109.0,192.0
Audi,S4 Avant Quattro,Wagon,Europe,All,49090,44446,4.2,8.0,340.0,15.0,21.0,3936.0,104.0,179.0
BMW,X3 3.0i,SUV,Europe,All,37000,33873,3.0,6.0,225.0,16.0,23.0,4023.0,110.0,180.0
BMW,X5 4.4i,SUV,Europe,All,52195,47720,4.4,8.0,325.0,16.0,22.0,4824.0,111.0,184.0
BMW,325i 4dr,Sedan,Europe,Rear,28495,26155,2.5,6.0,184.0,20.0,29.0,3219.0,107.0,176.0
BMW,325Ci 2dr,Sedan,Europe,Rear,30795,28245,2.5,6.0,184.0,20.0,29.0,3197.0,107.0,177.0
BMW,325Ci convertible 2dr,Sedan,Europe,Rear,37995,34800,2.5,6.0,184.0,19.0,27.0,3560.0,107.0,177.0
BMW,325xi 4dr,Sedan,Europe,All,30245,27745,2.5,6.0,184.0,19.0,27.0,3461.0,107.0,176.0
BMW,330i 4dr,Sedan,Europe,Rear,35495,32525,3.0,6.0,225.0,20.0,30.0,3285.0,107.0,176.0
BMW,330Ci 2dr,Sedan,Europe,Rear,36995,33890,3.0,6.0,225.0,20.0,30.0,3285.0,107.0,176.0
BMW,330xi 4dr,Sedan,Europe,All,37245,34115,3.0,6.0,225.0,20.0,29.0,3483.0,107.0,176.0
BMW,525i 4dr,Sedan,Europe,Rear,39995,36620,2.5,6.0,184.0,19.0,28.0,3428.0,114.0,191.0
BMW,330Ci convertible 2dr,Sedan,Europe,Rear,44295,40530,3.0,6.0,225.0,19.0,28.0,3616.0,107.0,177.0
BMW,530i 4dr,Sedan,Europe,Rear,44995,41170,3.0,6.0,225.0,20.0,30.0,3472.0,114.0,191.0
BMW,545iA 4dr,Sedan,Europe,Rear,54995,50270,4.4,8.0,325.0,18.0,26.0,3814.0,114.0,191.0
BMW,745i 4dr,Sedan,Europe,Rear,69195,63190,4.4,8.0,325.0,18.0,26.0,4376.0,118.0,198.0
BMW,745Li 4dr,Sedan,Europe,Rear,73195,66830,4.4,8.0,325.0,18.0,26.0,4464.0,123.0,204.0
BMW,M3 coupe 2dr,Sports,Europe,Rear,48195,44170,3.2,6.0,333.0,16.0,24.0,3415.0,108.0,177.0
BMW,M3 convertible 2dr,Sports,Europe,Rear,56595,51815,3.2,6.0,333.0,16.0,23.0,3781.0,108.0,177.0
BMW,Z4 convertible 2.5i 2dr,Sports,Europe,Rear,33895,31065,2.5,6.0,184.0,20.0,28.0,2932.0,98.0,161.0
BMW,Z4 convertible 3.0i 2dr,Sports,Europe,Rear,41045,37575,3.0,6.0,225.0,21.0,29.0,2998.0,98.0,161.0
BMW,325xi Sport,Wagon,Europe,All,32845,30110,2.5,6.0,184.0,19.0,26.0,3594.0,107.0,176.0
Buick,Rainier,SUV,USA,All,37895,34357,4.2,6.0,275.0,15.0,21.0,4600.0,113.0,193.0
Buick,Rendezvous CX,SUV,USA,Front,26545,24085,3.4,6.0,185.0,19.0,26.0,4024.0,112.0,187.0
Buick,Century Custom 4dr,Sedan,USA,Front,22180,20351,3.1,6.0,175.0,20.0,30.0,3353.0,109.0,195.0
Buick,LeSabre Custom 4dr,Sedan,USA,Front,26470,24282,3.8,6.0,205.0,20.0,29.0,3567.0,112.0,200.0
Buick,Regal LS 4dr,Sedan,USA,Front,24895,22835,3.8,6.0,200.0,20.0,30.0,3461.0,109.0,196.0
Buick,Regal GS 4dr,Sedan,USA,Front,28345,26047,3.8,6.0,240.0,18.0,28.0,3536.0,109.0,196.0
Buick,LeSabre Limited 4dr,Sedan,USA,Front,32245,29566,3.8,6.0,205.0,20.0,29.0,3591.0,112.0,200.0
Buick,Park Avenue 4dr,Sedan,USA,Front,35545,32244,3.8,6.0,205.0,20.0,29.0,3778.0,114.0,207.0
Buick,Park Avenue Ultra 4dr,Sedan,USA,Front,40720,36927,3.8,6.0,240.0,18.0,28.0,3909.0,114.0,207.0
Cadillac,Escalade,SUV,USA,Front,52795,48377,5.3,8.0,295.0,14.0,18.0,5367.0,116.0,199.0
Cadillac,SRX V8,SUV,USA,Front,46995,43523,4.6,8.0,320.0,16.0,21.0,4302.0,116.0,195.0
Cadillac,CTS VVT 4dr,Sedan,USA,Rear,30835,28575,3.6,6.0,255.0,18.0,25.0,3694.0,113.0,190.0
Cadillac,Deville 4dr,Sedan,USA,Front,45445,41650,4.6,8.0,275.0,18.0,26.0,3984.0,115.0,207.0
Cadillac,Deville DTS 4dr,Sedan,USA,Front,50595,46362,4.6,8.0,300.0,18.0,26.0,4044.0,115.0,207.0
Cadillac,Seville SLS 4dr,Sedan,USA,Front,47955,43841,4.6,8.0,275.0,18.0,26.0,3992.0,112.0,201.0
Cadillac,XLR convertible 2dr,Sports,USA,Rear,76200,70546,4.6,8.0,320.0,17.0,25.0,3647.0,106.0,178.0
Cadillac,Escalade EXT,Truck,USA,All,52975,48541,6.0,8.0,345.0,13.0,17.0,5879.0,130.0,221.0
Chevrolet,Suburban 1500 LT,SUV,USA,Front,42735,37422,5.3,8.0,295.0,14.0,18.0,4947.0,130.0,219.0
Chevrolet,Tahoe LT,SUV,USA,All,41465,36287,5.3,8.0,295.0,14.0,18.0,5050.0,116.0,197.0
Chevrolet,TrailBlazer LT,SUV,USA,Front,30295,27479,4.2,6.0,275.0,16.0,21.0,4425.0,113.0,192.0
Chevrolet,Tracker,SUV,USA,Front,20255,19108,2.5,6.0,165.0,19.0,22.0,2866.0,98.0,163.0
Chevrolet,Aveo 4dr,Sedan,USA,Front,11690,10965,1.6,4.0,103.0,28.0,34.0,2370.0,98.0,167.0
Chevrolet,Aveo LS 4dr hatch,Sedan,USA,Front,12585,11802,1.6,4.0,103.0,28.0,34.0,2348.0,98.0,153.0
Chevrolet,Cavalier 2dr,Sedan,USA,Front,14610,13697,2.2,4.0,140.0,26.0,37.0,2617.0,104.0,183.0
Chevrolet,Cavalier 4dr,Sedan,USA,Front,14810,13884,2.2,4.0,140.0,26.0,37.0,2676.0,104.0,183.0
Chevrolet,Cavalier LS 2dr,Sedan,USA,Front,16385,15357,2.2,4.0,140.0,26.0,37.0,2617.0,104.0,183.0
Chevrolet,Impala 4dr,Sedan,USA,Front,21900,20095,3.4,6.0,180.0,21.0,32.0,3465.0,111.0,200.0
Chevrolet,Malibu 4dr,Sedan,USA,Front,18995,17434,2.2,4.0,145.0,24.0,34.0,3174.0,106.0,188.0
Chevrolet,Malibu LS 4dr,Sedan,USA,Front,20370,18639,3.5,6.0,200.0,22.0,30.0,3297.0,106.0,188.0
Chevrolet,Monte Carlo LS 2dr,Sedan,USA,Front,21825,20026,3.4,6.0,180.0,21.0,32.0,3340.0,111.0,198.0
Chevrolet,Impala LS 4dr,Sedan,USA,Front,25000,22931,3.8,6.0,200.0,20.0,30.0,3476.0,111.0,200.0
Chevrolet,Impala SS 4dr,Sedan,USA,Front,27995,25672,3.8,6.0,240.0,18.0,28.0,3606.0,111.0,200.0
Chevrolet,Malibu LT 4dr,Sedan,USA,Front,23495,21551,3.5,6.0,200.0,23.0,32.0,3315.0,106.0,188.0
Chevrolet,Monte Carlo SS 2dr,Sedan,USA,Front,24225,22222,3.8,6.0,200.0,18.0,28.0,3434.0,111.0,198.0
Chevrolet,Astro,Sedan,USA,All,26395,23954,4.3,6.0,190.0,14.0,17.0,4605.0,111.0,190.0
Chevrolet,Venture LS,Sedan,USA,Front,27020,24518,3.4,6.0,185.0,19.0,26.0,3699.0,112.0,187.0
Chevrolet,Corvette 2dr,Sports,USA,Rear,44535,39068,5.7,8.0,350.0,18.0,25.0,3246.0,105.0,180.0
Chevrolet,Corvette convertible 2dr,Sports,USA,Rear,51535,45193,5.7,8.0,350.0,18.0,25.0,3248.0,105.0,180.0
Chevrolet,Avalanche 1500,Truck,USA,All,36100,31689,5.3,8.0,295.0,14.0,18.0,5678.0,130.0,222.0
Chevrolet,Colorado Z85,Truck,USA,All,18760,17070,2.8,4.0,175.0,18.0,23.0,3623.0,111.0,192.0
Chevrolet,Silverado 1500 Regular Cab,Truck,USA,Rear,20310,18480,4.3,6.0,200.0,15.0,21.0,4142.0,119.0,206.0
Chevrolet,Silverado SS,Truck,USA,All,40340,35399,6.0,8.0,300.0,13.0,17.0,4804.0,144.0,238.0
Chevrolet,SSR,Truck,USA,Rear,41995,39306,5.3,8.0,300.0,16.0,19.0,4760.0,116.0,191.0
Chevrolet,Malibu Maxx LS,Wagon,USA,Front,22225,20394,3.5,6.0,200.0,22.0,30.0,3458.0,112.0,188.0
Chrysler,PT Cruiser 4dr,Sedan,USA,Front,17985,16919,2.4,4.0,150.0,22.0,29.0,3101.0,103.0,169.0
Chrysler,PT Cruiser Limited 4dr,Sedan,USA,Front,22000,20573,2.4,4.0,150.0,22.0,29.0,3105.0,103.0,169.0
Chrysler,Sebring 4dr,Sedan,USA,Front,19090,17805,2.4,4.0,150.0,22.0,30.0,3173.0,108.0,191.0
Chrysler,Sebring Touring 4dr,Sedan,USA,Front,21840,20284,2.7,6.0,200.0,21.0,28.0,3222.0,108.0,191.0
Chrysler,300M 4dr,Sedan,USA,Front,29865,27797,3.5,6.0,250.0,18.0,27.0,3581.0,113.0,198.0
Chrysler,Concorde LX 4dr,Sedan,USA,Front,24130,22452,2.7,6.0,200.0,21.0,29.0,3479.0,113.0,208.0
Chrysler,Concorde LXi 4dr,Sedan,USA,Front,26860,24909,3.5,6.0,232.0,19.0,27.0,3548.0,113.0,208.0
Chrysler,PT Cruiser GT 4dr,Sedan,USA,Front,25955,24172,2.4,4.0,220.0,21.0,27.0,3217.0,103.0,169.0
Chrysler,Sebring convertible 2dr,Sedan,USA,Front,25215,23451,2.4,4.0,150.0,22.0,30.0,3357.0,106.0,194.0
Chrysler,300M Special Edition 4dr,Sedan,USA,Front,33295,30884,3.5,6.0,255.0,18.0,27.0,3650.0,113.0,198.0
Chrysler,Sebring Limited convertible 2dr,Sedan,USA,Front,30950,28613,2.7,6.0,200.0,21.0,28.0,3448.0,106.0,194.0
Chrysler,Town and Country LX,Sedan,USA,Front,27490,25371,3.3,6.0,180.0,19.0,26.0,4068.0,119.0,201.0
Chrysler,Town and Country Limited,Sedan,USA,Front,38380,35063,3.8,6.0,215.0,18.0,25.0,4331.0,119.0,201.0
Chrysler,Crossfire 2dr,Sports,USA,Rear,34495,32033,3.2,6.0,215.0,17.0,25.0,3060.0,95.0,160.0
Chrysler,Pacifica,Wagon,USA,Rear,31230,28725,3.5,6.0,250.0,17.0,23.0,4675.0,116.0,199.0
Dodge,Durango SLT,SUV,USA,All,32235,29472,4.7,8.0,230.0,15.0,21.0,4987.0,119.0,201.0
Dodge,Neon SE 4dr,Sedan,USA,Front,13670,12849,2.0,4.0,132.0,29.0,36.0,2581.0,105.0,174.0
Dodge,Neon SXT 4dr,Sedan,USA,Front,15040,14086,2.0,4.0,132.0,29.0,36.0,2626.0,105.0,174.0
Dodge,Intrepid SE 4dr,Sedan,USA,Front,22035,20502,2.7,6.0,200.0,21.0,29.0,3469.0,113.0,204.0
Dodge,Stratus SXT 4dr,Sedan,USA,Front,18820,17512,2.4,4.0,150.0,21.0,28.0,3182.0,108.0,191.0
Dodge,Stratus SE 4dr,Sedan,USA,Front,20220,18821,2.4,4.0,150.0,21.0,28.0,3175.0,108.0,191.0
Dodge,Intrepid ES 4dr,Sedan,USA,Front,24885,23058,3.5,6.0,232.0,18.0,27.0,3487.0,113.0,204.0
Dodge,Caravan SE,Sedan,USA,Front,21795,20508,2.4,4.0,150.0,20.0,26.0,3862.0,113.0,189.0
Dodge,Grand Caravan SXT,Sedan,USA,All,32660,29812,3.8,6.0,215.0,18.0,25.0,4440.0,119.0,201.0
Dodge,Viper SRT-10 convertible 2dr,Sports,USA,Rear,81795,74451,8.3,10.0,500.0,12.0,20.0,3410.0,99.0,176.0
Dodge,Dakota Regular Cab,Truck,USA,Rear,17630,16264,3.7,6.0,210.0,16.0,22.0,3714.0,112.0,193.0
Dodge,Dakota Club Cab,Truck,USA,Rear,20300,18670,3.7,6.0,210.0,16.0,22.0,3829.0,131.0,219.0
Dodge,Ram 1500 Regular Cab ST,Truck,USA,Rear,20215,18076,3.7,6.0,215.0,16.0,21.0,4542.0,121.0,208.0
Ford,Excursion 6.8 XLT,SUV,USA,All,41475,36494,6.8,10.0,310.0,10.0,13.0,7190.0,137.0,227.0
Ford,Expedition 4.6 XLT,SUV,USA,Front,34560,30468,4.6,8.0,232.0,15.0,19.0,5000.0,119.0,206.0
Ford,Explorer XLT V6,SUV,USA,All,29670,26983,4.0,6.0,210.0,15.0,20.0,4463.0,114.0,190.0
Ford,Escape XLS,SUV,USA,All,22515,20907,3.0,6.0,201.0,18.0,23.0,3346.0,103.0,173.0
Ford,Focus ZX3 2dr hatch,Sedan,USA,Front,13270,12482,2.0,4.0,130.0,26.0,33.0,2612.0,103.0,168.0
Ford,Focus LX 4dr,Sedan,USA,Front,13730,12906,2.0,4.0,110.0,27.0,36.0,2606.0,103.0,168.0
Ford,Focus SE 4dr,Sedan,USA,Front,15460,14496,2.0,4.0,130.0,26.0,33.0,2606.0,103.0,168.0
Ford,Focus ZX5 5dr,Sedan,USA,Front,15580,14607,2.0,4.0,130.0,26.0,33.0,2691.0,103.0,168.0
Ford,Focus SVT 2dr,Sedan,USA,Front,19135,17878,2.0,4.0,170.0,21.0,28.0,2750.0,103.0,168.0
Ford,Taurus LX 4dr,Sedan,USA,Front,20320,18881,3.0,6.0,155.0,20.0,27.0,3306.0,109.0,198.0
Ford,Taurus SES Duratec 4dr,Sedan,USA,Front,22735,20857,3.0,6.0,201.0,19.0,26.0,3313.0,109.0,198.0
Ford,Crown Victoria 4dr,Sedan,USA,Rear,24345,22856,4.6,8.0,224.0,17.0,25.0,4057.0,115.0,212.0
Ford,Crown Victoria LX 4dr,Sedan,USA,Rear,27370,25105,4.6,8.0,224.0,17.0,25.0,4057.0,115.0,212.0
Ford,Crown Victoria LX Sport 4dr,Sedan,USA,Rear,30315,27756,4.6,8.0,239.0,17.0,25.0,4057.0,115.0,212.0
Ford,Freestar SE,Sedan,USA,Front,26930,24498,3.9,6.0,193.0,17.0,23.0,4275.0,121.0,201.0
Ford,Mustang 2dr (convertible),Sports,USA,Rear,18345,16943,3.8,6.0,193.0,20.0,29.0,3290.0,101.0,183.0
Ford,Mustang GT Premium convertible 2dr,Sports,USA,Rear,29380,26875,4.6,8.0,260.0,17.0,25.0,3347.0,101.0,183.0
Ford,Thunderbird Deluxe convert w/hardtop 2d,Sports,USA,Front,37530,34483,3.9,8.0,280.0,17.0,24.0,3780.0,107.0,186.0
Ford,F-150 Regular Cab XL,Truck,USA,Rear,22010,19490,4.6,8.0,231.0,15.0,19.0,4788.0,126.0,211.0
Ford,F-150 Supercab Lariat,Truck,USA,All,33540,29405,5.4,8.0,300.0,14.0,18.0,5464.0,133.0,218.0
Ford,Ranger 2.3 XL Regular Cab,Truck,USA,Rear,14385,13717,2.3,4.0,143.0,24.0,29.0,3028.0,111.0,188.0
Ford,Focus ZTW,Wagon,USA,Front,17475,16375,2.0,4.0,130.0,26.0,33.0,2702.0,103.0,178.0
Ford,Taurus SE,Wagon,USA,Front,22290,20457,3.0,6.0,155.0,19.0,26.0,3497.0,109.0,198.0
GMC,Envoy XUV SLE,SUV,USA,Front,31890,28922,4.2,6.0,275.0,15.0,19.0,4945.0,129.0,208.0
GMC,Yukon 1500 SLE,SUV,USA,Front,35725,31361,4.8,8.0,285.0,16.0,19.0,5042.0,116.0,199.0
GMC,Yukon XL 2500 SLT,SUV,USA,All,46265,40534,6.0,8.0,325.0,13.0,17.0,6133.0,130.0,219.0
GMC,Safari SLE,Sedan,USA,Rear,25640,23215,4.3,6.0,190.0,16.0,20.0,4309.0,111.0,190.0
GMC,Canyon Z85 SL Regular Cab,Truck,USA,Rear,16530,14877,2.8,4.0,175.0,18.0,25.0,3351.0,111.0,192.0
GMC,Sierra Extended Cab 1500,Truck,USA,Rear,25717,22604,4.8,8.0,285.0,17.0,20.0,4548.0,144.0,230.0
GMC,Sierra HD 2500,Truck,USA,All,29322,25759,6.0,8.0,300.0,13.0,18.0,5440.0,133.0,222.0
GMC,Sonoma Crew Cab,Truck,USA,All,25395,23043,4.3,6.0,190.0,15.0,19.0,4083.0,123.0,208.0
Honda,Civic Hybrid 4dr manual (gas/electric),Hybrid,Asia,Front,20140,18451,1.4,4.0,93.0,46.0,51.0,2732.0,103.0,175.0
Honda,Insight 2dr (gas/electric),Hybrid,Asia,Front,19110,17911,2.0,3.0,73.0,60.0,66.0,1850.0,95.0,155.0
Honda,Pilot LX,SUV,Asia,All,27560,24843,3.5,6.0,240.0,17.0,22.0,4387.0,106.0,188.0
Honda,CR-V LX,SUV,Asia,All,19860,18419,2.4,4.0,160.0,21.0,25.0,3258.0,103.0,179.0
Honda,Element LX,SUV,Asia,All,18690,17334,2.4,4.0,160.0,21.0,24.0,3468.0,101.0,167.0
Honda,Civic DX 2dr,Sedan,Asia,Front,13270,12175,1.7,4.0,115.0,32.0,38.0,2432.0,103.0,175.0
Honda,Civic HX 2dr,Sedan,Asia,Front,14170,12996,1.7,4.0,117.0,36.0,44.0,2500.0,103.0,175.0
Honda,Civic LX 4dr,Sedan,Asia,Front,15850,14531,1.7,4.0,115.0,32.0,38.0,2513.0,103.0,175.0
Honda,Accord LX 2dr,Sedan,Asia,Front,19860,17924,2.4,4.0,160.0,26.0,34.0,2994.0,105.0,188.0
Honda,Accord EX 2dr,Sedan,Asia,Front,22260,20080,2.4,4.0,160.0,26.0,34.0,3047.0,105.0,188.0
Honda,Civic EX 4dr,Sedan,Asia,Front,17750,16265,1.7,4.0,127.0,32.0,37.0,2601.0,103.0,175.0
Honda,Civic Si 2dr hatch,Sedan,Asia,Front,19490,17849,2.0,4.0,160.0,26.0,30.0,2782.0,101.0,166.0
Honda,Accord LX V6 4dr,Sedan,Asia,Front,23760,21428,3.0,6.0,240.0,21.0,30.0,3349.0,108.0,190.0
Honda,Accord EX V6 2dr,Sedan,Asia,Front,26960,24304,3.0,6.0,240.0,21.0,30.0,3294.0,105.0,188.0
Honda,Odyssey LX,Sedan,Asia,Front,24950,22498,3.5,6.0,240.0,18.0,25.0,4310.0,118.0,201.0
Honda,Odyssey EX,Sedan,Asia,Front,27450,24744,3.5,6.0,240.0,18.0,25.0,4365.0,118.0,201.0
Honda,S2000 convertible 2dr,Sports,Asia,Rear,33260,29965,2.2,4.0,240.0,20.0,25.0,2835.0,95.0,162.0
Hummer,H2,SUV,USA,All,49995,45815,6.0,8.0,316.0,10.0,12.0,6400.0,123.0,190.0
Hyundai,Santa Fe GLS,SUV,Asia,Front,21589,20201,2.7,6.0,173.0,20.0,26.0,3549.0,103.0,177.0
Hyundai,Accent 2dr hatch,Sedan,Asia,Front,10539,10107,1.6,4.0,103.0,29.0,33.0,2255.0,96.0,167.0
Hyundai,Accent GL 4dr,Sedan,Asia,Front,11839,11116,1.6,4.0,103.0,29.0,33.0,2290.0,96.0,167.0
Hyundai,Accent GT 2dr hatch,Sedan,Asia,Front,11939,11209,1.6,4.0,103.0,29.0,33.0,2339.0,96.0,167.0
Hyundai,Elantra GLS 4dr,Sedan,Asia,Front,13839,12781,2.0,4.0,138.0,26.0,34.0,2635.0,103.0,178.0
Hyundai,Elantra GT 4dr,Sedan,Asia,Front,15389,14207,2.0,4.0,138.0,26.0,34.0,2635.0,103.0,178.0
Hyundai,Elantra GT 4dr hatch,Sedan,Asia,Front,15389,14207,2.0,4.0,138.0,26.0,34.0,2698.0,103.0,178.0
Hyundai,Sonata GLS 4dr,Sedan,Asia,Front,19339,17574,2.7,6.0,170.0,19.0,27.0,3217.0,106.0,187.0
Hyundai,Sonata LX 4dr,Sedan,Asia,Front,20339,18380,2.7,6.0,170.0,19.0,27.0,3217.0,106.0,187.0
Hyundai,XG350 4dr,Sedan,Asia,Front,24589,22055,3.5,6.0,194.0,17.0,26.0,3651.0,108.0,192.0
Hyundai,XG350 L 4dr,Sedan,Asia,Front,26189,23486,3.5,6.0,194.0,17.0,26.0,3651.0,108.0,192.0
Hyundai,Tiburon GT V6 2dr,Sports,Asia,Front,18739,17101,2.7,6.0,172.0,19.0,26.0,3023.0,100.0,173.0
Infiniti,G35 4dr,Sedan,Asia,Rear,28495,26157,3.5,6.0,260.0,18.0,26.0,3336.0,112.0,187.0
Infiniti,G35 Sport Coupe 2dr,Sedan,Asia,Rear,29795,27536,3.5,6.0,280.0,18.0,26.0,3416.0,112.0,182.0
Infiniti,G35 4dr,Sedan,Asia,All,32445,29783,3.5,6.0,260.0,18.0,26.0,3677.0,112.0,187.0
Infiniti,I35 4dr,Sedan,Asia,Front,31145,28320,3.5,6.0,255.0,19.0,26.0,3306.0,108.0,194.0
Infiniti,M45 4dr,Sedan,Asia,Rear,42845,38792,4.5,8.0,340.0,17.0,23.0,3851.0,110.0,197.0
Infiniti,Q45 Luxury 4dr,Sedan,Asia,Rear,52545,47575,4.5,8.0,340.0,17.0,23.0,3977.0,113.0,200.0
Infiniti,FX35,Wagon,Asia,Rear,34895,31756,3.5,6.0,280.0,16.0,22.0,4056.0,112.0,189.0
Infiniti,FX45,Wagon,Asia,All,36395,33121,4.5,8.0,315.0,15.0,19.0,4309.0,112.0,189.0
Isuzu,Ascender S,SUV,Asia,All,31849,29977,4.2,6.0,275.0,15.0,20.0,4967.0,129.0,208.0
Isuzu,Rodeo S,SUV,Asia,Front,20449,19261,3.2,6.0,193.0,17.0,21.0,3836.0,106.0,178.0
Jaguar,X-Type 2.5 4dr,Sedan,Europe,All,29995,27355,2.5,6.0,192.0,18.0,26.0,3428.0,107.0,184.0
Jaguar,X-Type 3.0 4dr,Sedan,Europe,All,33995,30995,3.0,6.0,227.0,18.0,25.0,3516.0,107.0,184.0
Jaguar,S-Type 3.0 4dr,Sedan,Europe,Rear,43895,40004,3.0,6.0,235.0,18.0,26.0,3777.0,115.0,192.0
Jaguar,S-Type 4.2 4dr,Sedan,Europe,Rear,49995,45556,4.2,8.0,294.0,18.0,28.0,3874.0,115.0,192.0
Jaguar,S-Type R 4dr,Sedan,Europe,Rear,63120,57499,4.2,8.0,390.0,17.0,24.0,4046.0,115.0,192.0
Jaguar,Vanden Plas 4dr,Sedan,Europe,Rear,68995,62846,4.2,8.0,294.0,18.0,28.0,3803.0,119.0,200.0
Jaguar,XJ8 4dr,Sedan,Europe,Rear,59995,54656,4.2,8.0,294.0,18.0,28.0,3803.0,119.0,200.0
Jaguar,XJR 4dr,Sedan,Europe,Rear,74995,68306,4.2,8.0,390.0,17.0,24.0,3948.0,119.0,200.0
Jaguar,XK8 coupe 2dr,Sports,Europe,Rear,69995,63756,4.2,8.0,294.0,18.0,26.0,3779.0,102.0,187.0
Jaguar,XK8 convertible 2dr,Sports,Europe,Rear,74995,68306,4.2,8.0,294.0,18.0,26.0,3980.0,102.0,187.0
Jaguar,XKR coupe 2dr,Sports,Europe,Rear,81995,74676,4.2,8.0,390.0,16.0,23.0,3865.0,102.0,187.0
Jaguar,XKR convertible 2dr,Sports,Europe,Rear,86995,79226,4.2,8.0,390.0,16.0,23.0,4042.0,102.0,187.0
Jeep,Grand Cherokee Laredo,SUV,USA,Front,27905,25686,4.0,6.0,195.0,16.0,21.0,3790.0,106.0,181.0
Jeep,Liberty Sport,SUV,USA,All,20130,18973,2.4,4.0,150.0,20.0,24.0,3826.0,104.0,174.0
Jeep,Wrangler Sahara convertible 2dr,SUV,USA,All,25520,23275,4.0,6.0,190.0,16.0,19.0,3575.0,93.0,150.0
Kia,Sorento LX,SUV,Asia,Front,19635,18630,3.5,6.0,192.0,16.0,19.0,4112.0,107.0,180.0
Kia,Optima LX 4dr,Sedan,Asia,Front,16040,14910,2.4,4.0,138.0,23.0,30.0,3281.0,106.0,186.0
Kia,Rio 4dr manual,Sedan,Asia,Front,10280,9875,1.6,4.0,104.0,26.0,33.0,2403.0,95.0,167.0
Kia,Rio 4dr auto,Sedan,Asia,Front,11155,10705,1.6,4.0,104.0,25.0,32.0,2458.0,95.0,167.0
Kia,Spectra 4dr,Sedan,Asia,Front,12360,11630,1.8,4.0,124.0,24.0,32.0,2661.0,101.0,178.0
Kia,Spectra GS 4dr hatch,Sedan,Asia,Front,13580,12830,1.8,4.0,124.0,24.0,32.0,2686.0,101.0,178.0
Kia,Spectra GSX 4dr hatch,Sedan,Asia,Front,14630,13790,1.8,4.0,124.0,24.0,32.0,2697.0,101.0,178.0
Kia,Optima LX V6 4dr,Sedan,Asia,Front,18435,16850,2.7,6.0,170.0,20.0,27.0,3279.0,106.0,186.0
Kia,Amanti 4dr,Sedan,Asia,Front,26000,23764,3.5,6.0,195.0,17.0,25.0,4021.0,110.0,196.0
Kia,Sedona LX,Sedan,Asia,Front,20615,19400,3.5,6.0,195.0,16.0,22.0,4802.0,115.0,194.0
Kia,Rio Cinco,Wagon,Asia,Front,11905,11410,1.6,4.0,104.0,26.0,33.0,2447.0,95.0,167.0
Land Rover,Range Rover HSE,SUV,Europe,All,72250,65807,4.4,8.0,282.0,12.0,16.0,5379.0,113.0,195.0
Land Rover,Discovery SE,SUV,Europe,All,39250,35777,4.6,8.0,217.0,12.0,16.0,4576.0,100.0,185.0
Land Rover,Freelander SE,SUV,Europe,All,25995,23969,2.5,6.0,174.0,18.0,21.0,3577.0,101.0,175.0
Lexus,GX 470,SUV,Asia,All,45700,39838,4.7,8.0,235.0,15.0,19.0,4740.0,110.0,188.0
Lexus,LX 470,SUV,Asia,All,64800,56455,4.7,8.0,235.0,13.0,17.0,5590.0,112.0,193.0
Lexus,RX 330,SUV,Asia,All,39195,34576,3.3,6.0,230.0,18.0,24.0,4065.0,107.0,186.0
Lexus,ES 330 4dr,Sedan,Asia,Front,32350,28755,3.3,6.0,225.0,20.0,29.0,3460.0,107.0,191.0
Lexus,IS 300 4dr manual,Sedan,Asia,Rear,31045,27404,3.0,6.0,215.0,18.0,25.0,3255.0,105.0,177.0
Lexus,IS 300 4dr auto,Sedan,Asia,Rear,32415,28611,3.0,6.0,215.0,18.0,24.0,3285.0,105.0,177.0
Lexus,GS 300 4dr,Sedan,Asia,Rear,41010,36196,3.0,6.0,220.0,18.0,25.0,3649.0,110.0,189.0
Lexus,GS 430 4dr,Sedan,Asia,Rear,48450,42232,4.3,8.0,300.0,18.0,23.0,3715.0,110.0,189.0
Lexus,LS 430 4dr,Sedan,Asia,Rear,55750,48583,4.3,8.0,290.0,18.0,25.0,3990.0,115.0,197.0
Lexus,SC 430 convertible 2dr,Sports,Asia,Rear,63200,55063,4.3,8.0,300.0,18.0,23.0,3840.0,103.0,178.0
Lexus,IS 300 SportCross,Wagon,Asia,Rear,32455,28647,3.0,6.0,215.0,18.0,24.0,3410.0,105.0,177.0
Lincoln,Navigator Luxury,SUV,USA,All,52775,46360,5.4,8.0,300.0,13.0,18.0,5969.0,119.0,206.0
Lincoln,Aviator Ultimate,SUV,USA,Front,42915,39443,4.6,8.0,302.0,13.0,18.0,4834.0,114.0,193.0
Lincoln,LS V6 Luxury 4dr,Sedan,USA,Rear,32495,29969,3.0,6.0,232.0,20.0,26.0,3681.0,115.0,194.0
Lincoln,LS V6 Premium 4dr,Sedan,USA,Rear,36895,33929,3.0,6.0,232.0,20.0,26.0,3681.0,115.0,194.0
Lincoln,LS V8 Sport 4dr,Sedan,USA,Rear,40095,36809,3.9,8.0,280.0,17.0,24.0,3768.0,115.0,194.0
Lincoln,LS V8 Ultimate 4dr,Sedan,USA,Rear,43495,39869,3.9,8.0,280.0,17.0,24.0,3768.0,115.0,194.0
Lincoln,Town Car Signature 4dr,Sedan,USA,Rear,41815,38418,4.6,8.0,239.0,17.0,25.0,4369.0,118.0,215.0
Lincoln,Town Car Ultimate 4dr,Sedan,USA,Rear,44925,41217,4.6,8.0,239.0,17.0,25.0,4369.0,118.0,215.0
Lincoln,Town Car Ultimate L 4dr,Sedan,USA,Rear,50470,46208,4.6,8.0,239.0,17.0,25.0,4474.0,124.0,221.0
MINI,Cooper,Sedan,Europe,Front,16999,15437,1.6,4.0,115.0,28.0,37.0,2524.0,97.0,143.0
MINI,Cooper S,Sedan,Europe,Front,19999,18137,1.6,4.0,163.0,25.0,34.0,2678.0,97.0,144.0
Mazda,Tribute DX 2.0,SUV,Asia,All,21087,19742,2.0,4.0,130.0,22.0,25.0,3091.0,103.0,173.0
Mazda,Mazda3 i 4dr,Sedan,Asia,Front,15500,14525,2.0,4.0,148.0,26.0,34.0,2696.0,104.0,178.0
Mazda,Mazda3 s 4dr,Sedan,Asia,Front,17200,15922,2.3,4.0,160.0,25.0,31.0,2762.0,104.0,179.0
Mazda,Mazda6 i 4dr,Sedan,Asia,Front,19270,17817,2.3,4.0,160.0,24.0,32.0,3042.0,105.0,187.0
Mazda,MPV ES,Sedan,Asia,Front,28750,26600,3.0,6.0,200.0,18.0,25.0,3812.0,112.0,188.0
Mazda,MX-5 Miata convertible 2dr,Sports,Asia,Rear,22388,20701,1.8,4.0,142.0,23.0,28.0,2387.0,89.0,156.0
Mazda,MX-5 Miata LS convertible 2dr,Sports,Asia,Rear,25193,23285,1.8,4.0,142.0,23.0,28.0,2387.0,89.0,156.0
Mazda,B2300 SX Regular Cab,Truck,Asia,Rear,14840,14070,2.3,4.0,143.0,24.0,29.0,2960.0,112.0,188.0
Mazda,B4000 SE Cab Plus,Truck,Asia,All,22350,20482,4.0,6.0,207.0,15.0,19.0,3571.0,126.0,203.0
Mercedes-Benz,G500,SUV,Europe,All,76870,71540,5.0,8.0,292.0,13.0,14.0,5423.0,112.0,186.0
Mercedes-Benz,ML500,SUV,Europe,All,46470,43268,5.0,8.0,288.0,14.0,17.0,4874.0,111.0,183.0
Mercedes-Benz,C230 Sport 2dr,Sedan,Europe,Rear,26060,24249,1.8,4.0,189.0,22.0,30.0,3250.0,107.0,178.0
Mercedes-Benz,C320 Sport 2dr,Sedan,Europe,Rear,28370,26435,3.2,6.0,215.0,19.0,26.0,3430.0,107.0,178.0
Mercedes-Benz,C240 4dr,Sedan,Europe,Rear,32280,30071,2.6,6.0,168.0,20.0,25.0,3360.0,107.0,178.0
Mercedes-Benz,C240 4dr,Sedan,Europe,All,33480,31187,2.6,6.0,168.0,19.0,25.0,3360.0,107.0,178.0
Mercedes-Benz,C320 Sport 4dr,Sedan,Europe,Rear,35920,33456,3.2,6.0,215.0,19.0,26.0,3430.0,107.0,178.0
Mercedes-Benz,C320 4dr,Sedan,Europe,Rear,37630,35046,3.2,6.0,215.0,20.0,26.0,3450.0,107.0,178.0
Mercedes-Benz,C320 4dr,Sedan,Europe,All,38830,36162,3.2,6.0,215.0,19.0,27.0,3450.0,107.0,178.0
Mercedes-Benz,C32 AMG 4dr,Sedan,Europe,Rear,52120,48522,3.2,6.0,349.0,16.0,21.0,3540.0,107.0,178.0
Mercedes-Benz,CL500 2dr,Sedan,Europe,Rear,94820,88324,5.0,8.0,302.0,16.0,24.0,4085.0,114.0,196.0
Mercedes-Benz,CL600 2dr,Sedan,Europe,Rear,128420,119600,5.5,12.0,493.0,13.0,19.0,4473.0,114.0,196.0
Mercedes-Benz,CLK320 coupe 2dr (convertible),Sedan,Europe,Rear,45707,41966,3.2,6.0,215.0,20.0,26.0,3770.0,107.0,183.0
Mercedes-Benz,CLK500 coupe 2dr (convertible),Sedan,Europe,Rear,52800,49104,5.0,8.0,302.0,17.0,22.0,3585.0,107.0,183.0
Mercedes-Benz,E320 4dr,Sedan,Europe,Rear,48170,44849,3.2,6.0,221.0,19.0,27.0,3635.0,112.0,190.0
Mercedes-Benz,E500 4dr,Sedan,Europe,Rear,57270,53382,5.0,8.0,302.0,16.0,20.0,3815.0,112.0,190.0
Mercedes-Benz,S430 4dr,Sedan,Europe,Rear,74320,69168,4.3,8.0,275.0,18.0,26.0,4160.0,122.0,203.0
Mercedes-Benz,S500 4dr,Sedan,Europe,All,86970,80939,5.0,8.0,302.0,16.0,24.0,4390.0,122.0,203.0
Mercedes-Benz,SL500 convertible 2dr,Sports,Europe,Rear,90520,84325,5.0,8.0,302.0,16.0,23.0,4065.0,101.0,179.0
Mercedes-Benz,SL55 AMG 2dr,Sports,Europe,Rear,121770,113388,5.5,8.0,493.0,14.0,21.0,4235.0,101.0,179.0
Mercedes-Benz,SL600 convertible 2dr,Sports,Europe,Rear,126670,117854,5.5,12.0,493.0,13.0,19.0,4429.0,101.0,179.0
Mercedes-Benz,SLK230 convertible 2dr,Sports,Europe,Rear,40320,37548,2.3,4.0,192.0,21.0,29.0,3055.0,95.0,158.0
Mercedes-Benz,SLK32 AMG 2dr,Sports,Europe,Rear,56170,52289,3.2,6.0,349.0,17.0,22.0,3220.0,95.0,158.0
Mercedes-Benz,C240,Wagon,Europe,Rear,33780,31466,2.6,6.0,168.0,19.0,25.0,3470.0,107.0,179.0
Mercedes-Benz,E320,Wagon,Europe,Rear,50670,47174,3.2,6.0,221.0,19.0,27.0,3966.0,112.0,190.0
Mercedes-Benz,E500,Wagon,Europe,All,60670,56474,5.0,8.0,302.0,16.0,24.0,4230.0,112.0,190.0
Mercury,Mountaineer,SUV,USA,Front,29995,27317,4.0,6.0,210.0,16.0,21.0,4374.0,114.0,190.0
Mercury,Sable GS 4dr,Sedan,USA,Front,21595,19848,3.0,6.0,155.0,20.0,27.0,3308.0,109.0,200.0
Mercury,Grand Marquis GS 4dr,Sedan,USA,Rear,24695,23217,4.6,8.0,224.0,17.0,25.0,4052.0,115.0,212.0
Mercury,Grand Marquis LS Premium 4dr,Sedan,USA,Rear,29595,27148,4.6,8.0,224.0,17.0,25.0,4052.0,115.0,212.0
Mercury,Sable LS Premium 4dr,Sedan,USA,Front,23895,21918,3.0,6.0,201.0,19.0,26.0,3315.0,109.0,200.0
Mercury,Grand Marquis LS Ultimate 4dr,Sedan,USA,Rear,30895,28318,4.6,8.0,224.0,17.0,25.0,4052.0,115.0,212.0
Mercury,Marauder 4dr,Sedan,USA,Rear,34495,31558,4.6,8.0,302.0,17.0,23.0,4195.0,115.0,212.0
Mercury,Monterey Luxury,Sedan,USA,Front,33995,30846,4.2,6.0,201.0,16.0,23.0,4340.0,121.0,202.0
Mercury,Sable GS,Wagon,USA,Front,22595,20748,3.0,6.0,155.0,19.0,26.0,3488.0,109.0,198.0
Mitsubishi,Endeavor XLS,SUV,Asia,All,30492,28330,3.8,6.0,215.0,17.0,21.0,4134.0,109.0,190.0
Mitsubishi,Montero XLS,SUV,Asia,All,33112,30763,3.8,6.0,215.0,15.0,19.0,4718.0,110.0,190.0
Mitsubishi,Outlander LS,SUV,Asia,Front,18892,17569,2.4,4.0,160.0,21.0,27.0,3240.0,103.0,179.0
Mitsubishi,Lancer ES 4dr,Sedan,Asia,Front,14622,13751,2.0,4.0,120.0,25.0,31.0,2656.0,102.0,181.0
Mitsubishi,Lancer LS 4dr,Sedan,Asia,Front,16722,15718,2.0,4.0,120.0,25.0,31.0,2795.0,102.0,181.0
Mitsubishi,Galant ES 2.4L 4dr,Sedan,Asia,Front,19312,17957,2.4,4.0,160.0,23.0,30.0,3351.0,108.0,191.0
Mitsubishi,Lancer OZ Rally 4dr auto,Sedan,Asia,Front,17232,16196,2.0,4.0,120.0,25.0,31.0,2744.0,102.0,181.0
Mitsubishi,Diamante LS 4dr,Sedan,Asia,Front,29282,27250,3.5,6.0,205.0,18.0,25.0,3549.0,107.0,194.0
Mitsubishi,Galant GTS 4dr,Sedan,Asia,Front,25700,23883,3.8,6.0,230.0,18.0,26.0,3649.0,108.0,191.0
Mitsubishi,Eclipse GTS 2dr,Sports,Asia,Front,25092,23456,3.0,6.0,210.0,21.0,28.0,3241.0,101.0,177.0
Mitsubishi,Eclipse Spyder GT convertible 2dr,Sports,Asia,Front,26992,25218,3.0,6.0,210.0,21.0,28.0,3296.0,101.0,177.0
Mitsubishi,Lancer Evolution 4dr,Sports,Asia,Front,29562,27466,2.0,4.0,271.0,18.0,26.0,3263.0,103.0,179.0
Mitsubishi,Lancer Sportback LS,Wagon,Asia,Front,17495,16295,2.4,4.0,160.0,25.0,31.0,3020.0,102.0,181.0
Nissan,Pathfinder Armada SE,SUV,Asia,Front,33840,30815,5.6,8.0,305.0,13.0,19.0,5013.0,123.0,207.0
Nissan,Pathfinder SE,SUV,Asia,Front,27339,25972,3.5,6.0,240.0,16.0,21.0,3871.0,106.0,183.0
Nissan,Xterra XE V6,SUV,Asia,Front,20939,19512,3.3,6.0,180.0,17.0,20.0,3760.0,104.0,178.0
Nissan,Sentra 1.8 4dr,Sedan,Asia,Front,12740,12205,1.8,4.0,126.0,28.0,35.0,2513.0,100.0,178.0
Nissan,Sentra 1.8 S 4dr,Sedan,Asia,Front,14740,13747,1.8,4.0,126.0,28.0,35.0,2581.0,100.0,178.0
Nissan,Altima S 4dr,Sedan,Asia,Front,19240,18030,2.5,4.0,175.0,21.0,26.0,3039.0,110.0,192.0
Nissan,Sentra SE-R 4dr,Sedan,Asia,Front,17640,16444,2.5,4.0,165.0,23.0,28.0,2761.0,100.0,178.0
Nissan,Altima SE 4dr,Sedan,Asia,Front,23290,21580,3.5,6.0,245.0,21.0,26.0,3197.0,110.0,192.0
Nissan,Maxima SE 4dr,Sedan,Asia,Front,27490,25182,3.5,6.0,265.0,20.0,28.0,3473.0,111.0,194.0
Nissan,Maxima SL 4dr,Sedan,Asia,Front,29440,26966,3.5,6.0,265.0,20.0,28.0,3476.0,111.0,194.0
Nissan,Quest S,Sedan,Asia,Front,24780,22958,3.5,6.0,240.0,19.0,26.0,4012.0,124.0,204.0
Nissan,Quest SE,Sedan,Asia,Front,32780,30019,3.5,6.0,240.0,18.0,25.0,4175.0,124.0,204.0
Nissan,350Z coupe 2dr,Sports,Asia,Rear,26910,25203,3.5,6.0,287.0,20.0,26.0,3188.0,104.0,169.0
Nissan,350Z Enthusiast convertible 2dr,Sports,Asia,Rear,34390,31845,3.5,6.0,287.0,20.0,26.0,3428.0,104.0,169.0
Nissan,Frontier King Cab XE V6,Truck,Asia,All,19479,18253,3.3,6.0,180.0,17.0,20.0,3932.0,116.0,191.0
Nissan,Titan King Cab XE,Truck,Asia,All,26650,24926,5.6,8.0,305.0,14.0,18.0,5287.0,140.0,224.0
Nissan,Murano SL,Wagon,Asia,Rear,28739,27300,3.5,6.0,245.0,20.0,25.0,3801.0,111.0,188.0
Oldsmobile,Alero GX 2dr,Sedan,USA,Front,18825,17642,2.2,4.0,140.0,24.0,32.0,2946.0,107.0,187.0
Oldsmobile,Alero GLS 2dr,Sedan,USA,Front,23675,21485,3.4,6.0,170.0,20.0,29.0,3085.0,107.0,187.0
Oldsmobile,Silhouette GL,Sedan,USA,Front,28790,26120,3.4,6.0,185.0,19.0,26.0,3948.0,120.0,201.0
Pontiac,Aztekt,SUV,USA,Front,21595,19810,3.4,6.0,185.0,19.0,26.0,3779.0,108.0,182.0
Pontiac,Sunfire 1SA 2dr,Sedan,USA,Front,15495,14375,2.2,4.0,140.0,24.0,33.0,2771.0,104.0,182.0
Pontiac,Grand Am GT 2dr,Sedan,USA,Front,22450,20595,3.4,6.0,175.0,20.0,29.0,3118.0,107.0,186.0
Pontiac,Grand Prix GT1 4dr,Sedan,USA,Front,22395,20545,3.8,6.0,200.0,20.0,30.0,3477.0,111.0,198.0
Pontiac,Sunfire 1SC 2dr,Sedan,USA,Front,17735,16369,2.2,4.0,140.0,24.0,33.0,2771.0,104.0,182.0
Pontiac,Grand Prix GT2 4dr,Sedan,USA,Front,24295,22284,3.8,6.0,200.0,20.0,30.0,3484.0,111.0,198.0
Pontiac,Bonneville GXP 4dr,Sedan,USA,Front,35995,32997,4.6,8.0,275.0,17.0,20.0,3790.0,112.0,203.0
Pontiac,Montana,Sedan,USA,Front,23845,21644,3.4,6.0,185.0,19.0,26.0,3803.0,112.0,187.0
Pontiac,Montana EWB,Sedan,USA,All,31370,28454,3.4,6.0,185.0,18.0,24.0,4431.0,121.0,201.0
Pontiac,GTO 2dr,Sports,USA,Rear,33500,30710,5.7,8.0,340.0,16.0,20.0,3725.0,110.0,190.0
Pontiac,Vibe,Wagon,USA,Rear,17045,15973,1.8,4.0,130.0,29.0,36.0,2701.0,102.0,172.0
Porsche,Cayenne S,SUV,Europe,All,56665,49865,4.5,8.0,340.0,14.0,18.0,4950.0,112.0,188.0
Porsche,911 Carrera convertible 2dr (coupe),Sports,Europe,Rear,79165,69229,3.6,6.0,315.0,18.0,26.0,3135.0,93.0,175.0
Porsche,911 Carrera 4S coupe 2dr (convert),Sports,Europe,All,84165,72206,3.6,6.0,315.0,17.0,24.0,3240.0,93.0,175.0
Porsche,911 Targa coupe 2dr,Sports,Europe,Rear,76765,67128,3.6,6.0,315.0,18.0,26.0,3119.0,93.0,175.0
Porsche,911 GT2 2dr,Sports,Europe,Rear,192465,173560,3.6,6.0,477.0,17.0,24.0,3131.0,93.0,175.0
Porsche,Boxster convertible 2dr,Sports,Europe,Rear,43365,37886,2.7,6.0,228.0,20.0,29.0,2811.0,95.0,170.0
Porsche,Boxster S convertible 2dr,Sports,Europe,Rear,52365,45766,3.2,6.0,258.0,18.0,26.0,2911.0,95.0,170.0
Saab,9-3 Arc Sport 4dr,Sedan,Europe,Front,30860,29269,2.0,4.0,210.0,20.0,28.0,3175.0,105.0,183.0
Saab,9-3 Aero 4dr,Sedan,Europe,Front,33360,31562,2.0,4.0,210.0,20.0,28.0,3175.0,105.0,183.0
Saab,9-5 Arc 4dr,Sedan,Europe,Front,35105,33011,2.3,4.0,220.0,21.0,29.0,3470.0,106.0,190.0
Saab,9-5 Aero 4dr,Sedan,Europe,Front,39465,37721,2.3,4.0,250.0,21.0,29.0,3470.0,106.0,190.0
Saab,9-3 Arc convertible 2dr,Sedan,Europe,Front,40670,38520,2.0,4.0,210.0,21.0,29.0,3480.0,105.0,182.0
Saab,9-3 Aero convertible 2dr,Sedan,Europe,Front,43175,40883,2.0,4.0,210.0,21.0,30.0,3700.0,105.0,182.0
Saab,9-5 Aero,Wagon,Europe,Front,40845,38376,2.3,4.0,250.0,19.0,29.0,3620.0,106.0,190.0
Saturn,VUE,SUV,USA,All,20585,19238,2.2,4.0,143.0,21.0,26.0,3381.0,107.0,181.0
Saturn,Ion1 4dr,Sedan,USA,Front,10995,10319,2.2,4.0,140.0,26.0,35.0,2692.0,103.0,185.0
Saturn,lon2 4dr,Sedan,USA,Front,14300,13393,2.2,4.0,140.0,26.0,35.0,2692.0,103.0,185.0
Saturn,lon3 4dr,Sedan,USA,Front,15825,14811,2.2,4.0,140.0,26.0,35.0,2692.0,103.0,185.0
Saturn,lon2 quad coupe 2dr,Sedan,USA,Front,14850,13904,2.2,4.0,140.0,26.0,35.0,2751.0,103.0,185.0
Saturn,lon3 quad coupe 2dr,Sedan,USA,Front,16350,15299,2.2,4.0,140.0,26.0,35.0,2751.0,103.0,185.0
Saturn,L300-2 4dr,Sedan,USA,Front,21410,19801,3.0,6.0,182.0,20.0,28.0,3197.0,107.0,190.0
Saturn,L300 2,Wagon,USA,Front,23560,21779,2.2,4.0,140.0,24.0,34.0,3109.0,107.0,190.0
Scion,xA 4dr hatch,Sedan,Asia,Front,12965,12340,1.5,4.0,108.0,32.0,38.0,2340.0,93.0,154.0
Scion,xB,Wagon,Asia,Front,14165,13480,1.5,4.0,108.0,31.0,35.0,2425.0,98.0,155.0
Subaru,Impreza 2.5 RS 4dr,Sedan,Asia,All,19945,18399,2.5,4.0,165.0,22.0,28.0,2965.0,99.0,174.0
Subaru,Legacy L 4dr,Sedan,Asia,All,20445,18713,2.5,4.0,165.0,21.0,28.0,3285.0,104.0,184.0
Subaru,Legacy GT 4dr,Sedan,Asia,All,25645,23336,2.5,4.0,165.0,21.0,28.0,3395.0,104.0,184.0
Subaru,Outback Limited Sedan 4dr,Sedan,Asia,All,27145,24687,2.5,4.0,165.0,20.0,27.0,3495.0,104.0,184.0
Subaru,Outback H6 4dr,Sedan,Asia,All,29345,26660,3.0,6.0,212.0,19.0,26.0,3610.0,104.0,184.0
Subaru,Outback H-6 VDC 4dr,Sedan,Asia,All,31545,28603,3.0,6.0,212.0,19.0,26.0,3630.0,104.0,184.0
Subaru,Impreza WRX 4dr,Sports,Asia,All,25045,23022,2.0,4.0,227.0,20.0,27.0,3085.0,99.0,174.0
Subaru,Impreza WRX STi 4dr,Sports,Asia,All,31545,29130,2.5,4.0,300.0,18.0,24.0,3263.0,100.0,174.0
Subaru,Baja,Truck,Asia,All,24520,22304,2.5,4.0,165.0,21.0,28.0,3485.0,104.0,193.0
Subaru,Forester X,Wagon,Asia,All,21445,19646,2.5,4.0,165.0,21.0,28.0,3090.0,99.0,175.0
Subaru,Outback,Wagon,Asia,All,23895,21773,2.5,4.0,165.0,21.0,28.0,3430.0,104.0,187.0
Suzuki,XL-7 EX,SUV,Asia,Front,23699,22307,2.7,6.0,185.0,18.0,22.0,3682.0,110.0,187.0
Suzuki,Vitara LX,SUV,Asia,All,17163,16949,2.5,6.0,165.0,19.0,22.0,3020.0,98.0,163.0
Suzuki,Aeno S 4dr,Sedan,Asia,Front,12884,12719,2.3,4.0,155.0,25.0,31.0,2676.0,98.0,171.0
Suzuki,Aerio LX 4dr,Sedan,Asia,Front,14500,14317,2.3,4.0,155.0,25.0,31.0,2676.0,98.0,171.0
Suzuki,Forenza S 4dr,Sedan,Asia,Front,12269,12116,2.0,4.0,119.0,24.0,31.0,2701.0,102.0,177.0
Suzuki,Forenza EX 4dr,Sedan,Asia,Front,15568,15378,2.0,4.0,119.0,22.0,30.0,2756.0,102.0,177.0
Suzuki,Verona LX 4dr,Sedan,Asia,Front,17262,17053,2.5,6.0,155.0,20.0,27.0,3380.0,106.0,188.0
Suzuki,Aerio SX,Wagon,Asia,All,16497,16291,2.3,4.0,155.0,24.0,29.0,2932.0,98.0,167.0
Toyota,Prius 4dr (gas/electric),Hybrid,Asia,Front,20510,18926,1.5,4.0,110.0,59.0,51.0,2890.0,106.0,175.0
Toyota,Sequoia SR5,SUV,Asia,All,35695,31827,4.7,8.0,240.0,14.0,17.0,5270.0,118.0,204.0
Toyota,4Runner SR5 V6,SUV,Asia,Front,27710,24801,4.0,6.0,245.0,18.0,21.0,4035.0,110.0,189.0
Toyota,Highlander V6,SUV,Asia,All,27930,24915,3.3,6.0,230.0,18.0,24.0,3935.0,107.0,185.0
Toyota,Land Cruiser,SUV,Asia,All,54765,47986,4.7,8.0,325.0,13.0,17.0,5390.0,112.0,193.0
Toyota,RAV4,SUV,Asia,All,20290,18553,2.4,4.0,161.0,22.0,27.0,3119.0,98.0,167.0
Toyota,Corolla CE 4dr,Sedan,Asia,Front,14085,13065,1.8,4.0,130.0,32.0,40.0,2502.0,102.0,178.0
Toyota,Corolla S 4dr,Sedan,Asia,Front,15030,13650,1.8,4.0,130.0,32.0,40.0,2524.0,102.0,178.0
Toyota,Corolla LE 4dr,Sedan,Asia,Front,15295,13889,1.8,4.0,130.0,32.0,40.0,2524.0,102.0,178.0
Toyota,Echo 2dr manual,Sedan,Asia,Front,10760,10144,1.5,4.0,108.0,35.0,43.0,2035.0,93.0,163.0
Toyota,Echo 2dr auto,Sedan,Asia,Front,11560,10896,1.5,4.0,108.0,33.0,39.0,2085.0,93.0,163.0
Toyota,Echo 4dr,Sedan,Asia,Front,11290,10642,1.5,4.0,108.0,35.0,43.0,2055.0,93.0,163.0
Toyota,Camry LE 4dr,Sedan,Asia,Front,19560,17558,2.4,4.0,157.0,24.0,33.0,3086.0,107.0,189.0
Toyota,Camry LE V6 4dr,Sedan,Asia,Front,22775,20325,3.0,6.0,210.0,21.0,29.0,3296.0,107.0,189.0
Toyota,Camry Solara SE 2dr,Sedan,Asia,Front,19635,17722,2.4,4.0,157.0,24.0,33.0,3175.0,107.0,193.0
Toyota,Camry Solara SE V6 2dr,Sedan,Asia,Front,21965,19819,3.3,6.0,225.0,20.0,29.0,3417.0,107.0,193.0
Toyota,Avalon XL 4dr,Sedan,Asia,Front,26560,23693,3.0,6.0,210.0,21.0,29.0,3417.0,107.0,192.0
Toyota,Camry XLE V6 4dr,Sedan,Asia,Front,25920,23125,3.0,6.0,210.0,21.0,29.0,3362.0,107.0,189.0
Toyota,Camry Solara SLE V6 2dr,Sedan,Asia,Front,26510,23908,3.3,6.0,225.0,20.0,29.0,3439.0,107.0,193.0
Toyota,Avalon XLS 4dr,Sedan,Asia,Front,30920,27271,3.0,6.0,210.0,21.0,29.0,3439.0,107.0,192.0
Toyota,Sienna CE,Sedan,Asia,Front,23495,21198,3.3,6.0,230.0,19.0,27.0,4120.0,119.0,200.0
Toyota,Sienna XLE Limited,Sedan,Asia,Front,28800,25690,3.3,6.0,230.0,19.0,27.0,4165.0,119.0,200.0
Toyota,Celica GT-S 2dr,Sports,Asia,Front,22570,20363,1.8,4.0,180.0,24.0,33.0,2500.0,102.0,171.0
Toyota,MR2 Spyder convertible 2dr,Sports,Asia,Rear,25130,22787,1.8,4.0,138.0,26.0,32.0,2195.0,97.0,153.0
Toyota,Tacoma,Truck,Asia,Rear,12800,11879,2.4,4.0,142.0,22.0,27.0,2750.0,103.0,191.0
Toyota,Tundra Regular Cab V6,Truck,Asia,Rear,16495,14978,3.4,6.0,190.0,16.0,18.0,3925.0,128.0,218.0
Toyota,Tundra Access Cab V6 SR5,Truck,Asia,All,25935,23520,3.4,6.0,190.0,14.0,17.0,4435.0,128.0,218.0
Toyota,Matrix XR,Wagon,Asia,Front,16695,15156,1.8,4.0,130.0,29.0,36.0,2679.0,102.0,171.0
Volkswagen,Touareg V6,SUV,Europe,All,35515,32243,3.2,6.0,220.0,15.0,20.0,5086.0,112.0,187.0
Volkswagen,Golf GLS 4dr,Sedan,Europe,Front,18715,17478,2.0,4.0,115.0,24.0,31.0,2897.0,99.0,165.0
Volkswagen,GTI 1.8T 2dr hatch,Sedan,Europe,Front,19825,18109,1.8,4.0,180.0,24.0,31.0,2934.0,99.0,168.0
Volkswagen,Jetta GLS TDI 4dr,Sedan,Europe,Front,21055,19638,1.9,4.0,100.0,38.0,46.0,3003.0,99.0,172.0
Volkswagen,New Beetle GLS 1.8T 2dr,Sedan,Europe,Front,21055,19638,1.8,4.0,150.0,24.0,31.0,2820.0,99.0,161.0
Volkswagen,Jetta GLI VR6 4dr,Sedan,Europe,Front,23785,21686,2.8,6.0,200.0,21.0,30.0,3179.0,99.0,172.0
Volkswagen,New Beetle GLS convertible 2dr,Sedan,Europe,Front,23215,21689,2.0,4.0,115.0,24.0,30.0,3082.0,99.0,161.0
Volkswagen,Passat GLS 4dr,Sedan,Europe,Front,23955,21898,1.8,4.0,170.0,22.0,31.0,3241.0,106.0,185.0
Volkswagen,Passat GLX V6 4MOTION 4dr,Sedan,Europe,Front,33180,30583,2.8,6.0,190.0,19.0,26.0,3721.0,106.0,185.0
Volkswagen,Passat W8 4MOTION 4dr,Sedan,Europe,Front,39235,36052,4.0,8.0,270.0,18.0,25.0,3953.0,106.0,185.0
Volkswagen,Phaeton 4dr,Sedan,Europe,Front,65000,59912,4.2,8.0,335.0,16.0,22.0,5194.0,118.0,204.0
Volkswagen,Phaeton W12 4dr,Sedan,Europe,Front,75000,69130,6.0,12.0,420.0,12.0,19.0,5399.0,118.0,204.0
Volkswagen,Jetta GL,Wagon,Europe,Front,19005,17427,2.0,4.0,115.0,24.0,30.0,3034.0,99.0,174.0
Volkswagen,Passat GLS 1.8T,Wagon,Europe,Front,24955,22801,1.8,4.0,170.0,22.0,31.0,3338.0,106.0,184.0
Volkswagen,Passat W8,Wagon,Europe,Front,40235,36956,4.0,8.0,270.0,18.0,25.0,4067.0,106.0,184.0
Volvo,XC90 T6,SUV,Europe,All,41250,38851,2.9,6.0,268.0,15.0,20.0,4638.0,113.0,189.0
Volvo,S40 4dr,Sedan,Europe,Front,25135,23701,1.9,4.0,170.0,22.0,29.0,2767.0,101.0,178.0
Volvo,S60 2.5 4dr,Sedan,Europe,All,31745,29916,2.5,5.0,208.0,20.0,27.0,3903.0,107.0,180.0
Volvo,S60 T5 4dr,Sedan,Europe,Front,34845,32902,2.3,5.0,247.0,20.0,28.0,3766.0,107.0,180.0
Volvo,S60 R 4dr,Sedan,Europe,All,37560,35382,2.5,5.0,300.0,18.0,25.0,3571.0,107.0,181.0
Volvo,S80 2.9 4dr,Sedan,Europe,Front,37730,35542,2.9,6.0,208.0,20.0,28.0,3576.0,110.0,190.0
Volvo,S80 2.5T 4dr,Sedan,Europe,All,37885,35688,2.5,5.0,194.0,20.0,27.0,3691.0,110.0,190.0
Volvo,C70 LPT convertible 2dr,Sedan,Europe,Front,40565,38203,2.4,5.0,197.0,21.0,28.0,3450.0,105.0,186.0
Volvo,C70 HPT convertible 2dr,Sedan,Europe,Front,42565,40083,2.3,5.0,242.0,20.0,26.0,3450.0,105.0,186.0
Volvo,S80 T6 4dr,Sedan,Europe,Front,45210,42573,2.9,6.0,268.0,19.0,26.0,3653.0,110.0,190.0
Volvo,V40,Wagon,Europe,Front,26135,24641,1.9,4.0,170.0,22.0,29.0,2822.0,101.0,180.0
Volvo,XC70,Wagon,Europe,All,35145,33112,2.5,5.0,208.0,20.0,27.0,3823.0,109.0,186.0
